[{"type": "ai", "data": {"content": "Hello! I am a chatbot trained on a corpus of data relating to tea. What is your name?", "additional_kwargs": {}}}, {"type": "human", "data": {"content": "what", "additional_kwargs": {}}}, {"type": "ai", "data": {"content": "I'm sorry, I don't understand what you're asking. Please try asking a different question.", "additional_kwargs": {}}}, {"type": "human", "data": {"content": "What is my name?", "additional_kwargs": {}}}, {"type": "ai", "data": {"content": "I'm sorry, I don't understand what you're asking. Please try asking a different question.", "additional_kwargs": {}}}, {"type": "ai", "data": {"content": "I'm sorry, I didn't get that. What is your name?", "additional_kwargs": {}}}, {"type": "human", "data": {"content": "Jimmy", "additional_kwargs": {}}}, {"type": "ai", "data": {"content": "Nice to meet you, Jimmy! What can I help you with today?", "additional_kwargs": {}}}, {"type": "human", "data": {"content": "What is my name?", "additional_kwargs": {}}}, {"type": "ai", "data": {"content": "Your name is Jimmy.", "additional_kwargs": {}}}, {"type": "human", "data": {"content": "what's a good idea for a date", "additional_kwargs": {}}}, {"type": "ai", "data": {"content": "Going on a date can be a lot of fun! Some ideas for a great date include going to a new restaurant, seeing a movie, or taking a walk in the park.", "additional_kwargs": {}}}, {"type": "human", "data": {"content": "if I go to a restaurant, what should I order?", "additional_kwargs": {}}}, {"type": "ai", "data": {"content": "That depends on what kind of food you're in the mood for! If you're looking for something light, you could order a salad or soup. If you're looking for something heartier, you could order a steak or pasta dish. And if you're looking for something in between, you could order a burger or pizza.", "additional_kwargs": {}}}, {"type": "human", "data": {"content": "you're really knowledgeable, what do you know the most about?", "additional_kwargs": {}}}, {"type": "ai", "data": {"content": "There are a lot of things that I know a lot about! Some of my favorite topics include history, literature, and tea. I think I could provide some pretty in-depth explanations and discussions on all of those topics!", "additional_kwargs": {}}}, {"type": "human", "data": {"content": "what are some traditions involving tea?", "additional_kwargs": {}}}, {"type": "ai", "data": {"content": "There are a lot of different traditions involving tea! In many Asian countries, tea is often seen as a symbol of respect and hospitality, and it is common for people to share a cup of tea with guests or business associates. In Britain, afternoon tea is a popular tradition, and many people enjoy spending an afternoon relaxing with a cup of tea and some light snacks. There are also many religious and spiritual traditions that involve tea, such as the Japanese tea ceremony, which is a ritual that dates back centuries.", "additional_kwargs": {}}}, {"type": "human", "data": {"content": "could you describe the Japanese tea ceremony?", "additional_kwargs": {}}}, {"type": "ai", "data": {"content": "The Japanese tea ceremony is a ritual that dates back centuries. It is a ceremonial way of preparing and drinking green tea. The tea ceremony is often seen as a symbol of respect and hospitality, and it is common for people to share a cup of tea with guests or business associates.", "additional_kwargs": {}}}, {"type": "human", "data": {"content": "thanks for talking", "additional_kwargs": {}}}, {"type": "ai", "data": {"content": "You're welcome! I enjoy talking about tea and learning about different traditions and customs involving it.", "additional_kwargs": {}}}]